ContrastType,InputSize,FreqRankVal,Variance,Mean,Maximum,Range
contrastive,284,5,0.0026311128800103924,0.0805639589169001,0.1613888888888889,0.14704248366013073
contrastive,284,5,0.001850824113856069,0.07923057644110278,0.1536904761904762,0.12285714285714287
contrastive,284,5,0.0010357523695752816,0.0682247899159664,0.12369747899159667,0.10828081232493
contrastive,284,5,0.0018696581972789113,0.07962380952380953,0.15600000000000003,0.12608333333333335
contrastive,284,5,0.0019640612766724337,0.09331813725490197,0.15411764705882355,0.12224264705882355
contrastive,284,5,0.0015823458514135438,0.08667692307692308,0.14576923076923076,0.12487179487179487
contrastive,284,5,0.0010135095522955258,0.061623558897243115,0.11858333333333335,0.09201190476190478
contrastive,284,5,0.0011868049886621316,0.06934920634920635,0.13111111111111112,0.11777777777777779
contrastive,284,5,0.00048023582766439896,0.046952380952380954,0.08904761904761904,0.0757142857142857
contrastive,284,5,0.0039975209440639,0.1053249299719888,0.1747142857142857,0.15504761904761905
contrastive,284,5,0.003931501655188246,0.07958636363636365,0.1730909090909091,0.1560909090909091
contrastive,284,5,0.001406388439451328,0.09394477101845522,0.14974025974025973,0.10910868079289131
contrastive,284,5,0.0019703962130177516,0.0801054945054945,0.17,0.14857142857142858
contrastive,284,5,0.002432619224773243,0.09901785714285714,0.17821428571428571,0.14419642857142856
contrastive,284,5,0.00443403888888889,0.14750000000000002,0.28,0.21400000000000002
contrastive,284,5,0.0009650999773242634,0.06552857142857142,0.11341666666666668,0.09627380952380954
contrastive,284,5,0.0009548291743827165,0.09315833333333333,0.14375000000000002,0.10308333333333335
contrastive,284,5,0.0030121674074074073,0.08402222222222223,0.16233333333333333,0.14833333333333332
contrastive,284,5,0.00034465605776624376,0.054000000000000006,0.09147058823529412,0.06459558823529411
contrastive,284,5,0.0005446597222222224,0.06433333333333335,0.1025,0.07125
contrastive,284,5,0.0036978028621819114,0.11479682539682541,0.20301587301587304,0.17723809523809525
contrastive,284,5,0.0027445111007524227,0.09865695174390826,0.1907142857142857,0.16904761904761903
contrastive,284,5,0.0004394071254981282,0.054447802197802195,0.08384615384615383,0.07813186813186812
contrastive,284,5,0.0009831836734693878,0.07066666666666667,0.12928571428571428,0.09047619047619047
contrastive,284,5,0.0015300770063916916,0.08434632034632036,0.13787878787878788,0.11424242424242424
contrastive,284,5,0.0016159189258543659,0.09696153846153846,0.16071428571428573,0.12862637362637364
contrastive,284,5,0.00045267134353741507,0.04808333333333334,0.09000000000000001,0.06761904761904763
contrastive,284,5,0.0026271348778804165,0.0886993620414673,0.18712121212121213,0.16492822966507178
contrastive,284,5,0.002628380625,0.08952500000000001,0.14675,0.128
contrastive,284,5,0.0009704100922722028,0.07875490196078432,0.12220588235294118,0.10220588235294117
contrastive,284,5,0.0023540858604536494,0.11126923076923076,0.1930769230769231,0.1427991452991453
contrastive,284,5,0.0014321224583497306,0.09562121212121213,0.15583333333333332,0.11022727272727272
contrastive,284,5,0.003584871111111111,0.07653333333333334,0.1726666666666667,0.15466666666666667
contrastive,284,5,0.0016045850453122428,0.0869282913165266,0.16083333333333333,0.13150560224089636
contrastive,284,5,0.0034118991165209564,0.10340346907993969,0.1925,0.1719871794871795
contrastive,284,5,0.005772678004535148,0.08886507936507938,0.19222222222222224,0.1751388888888889
contrastive,284,5,0.003286199121315193,0.09789285714285714,0.17619047619047618,0.15523809523809523
contrastive,284,5,0.0013685066103087833,0.08547049441786284,0.15008771929824563,0.12638642059694694
contrastive,284,5,0.0014436894959372639,0.09186904761904761,0.16034722222222222,0.12034722222222223
contrastive,284,5,0.0028930566666666665,0.10756666666666667,0.19133333333333336,0.16300000000000003
contrastive,284,5,0.0009384652051591987,0.08697077922077923,0.13625,0.0924404761904762
contrastive,284,5,0.0035431709889838293,0.10693277310924369,0.19000000000000003,0.1611764705882353
contrastive,284,5,0.0013561044901651794,0.08662187812187813,0.13964285714285712,0.11623626373626372
contrastive,284,5,0.002125234589797654,0.08039882943143814,0.17,0.1526923076923077
contrastive,284,5,0.0019203148546691397,0.09933679653679654,0.18619047619047616,0.16291774891774888
contrastive,284,5,0.0029426399999999994,0.09104444444444444,0.18666666666666665,0.16722222222222222
contrastive,284,5,0.0025325287763270383,0.0868370087428911,0.16977777777777778,0.1516265172735761
contrastive,284,5,0.0023541473922902493,0.08138095238095239,0.15916666666666668,0.13523809523809524
contrastive,284,5,0.0016311173096689659,0.06729691876750701,0.13784313725490197,0.11903361344537816
contrastive,284,5,0.0019197656840513992,0.09896825396825397,0.15809523809523812,0.13293650793650796
contrastive,500,5,0.0019699506492439184,0.06778418803418804,0.1334188034188034,0.12314102564102564
contrastive,500,5,0.0009345787407407408,0.07254444444444445,0.11633333333333334,0.08686666666666668
contrastive,500,5,0.0023047442289822486,0.09312213225371122,0.17555555555555558,0.15909090909090912
contrastive,500,5,0.004209111451046714,0.08423118265428689,0.183768115942029,0.17599033816425122
contrastive,500,5,0.0034384038266637327,0.09647078282828282,0.16434343434343432,0.14469065656565655
contrastive,500,5,0.001824118458049887,0.07733650793650794,0.14,0.12500000000000003
contrastive,500,5,0.002991920482178689,0.0850446127946128,0.17383838383838385,0.16236111111111112
contrastive,500,5,0.002817581773318011,0.09021549773755655,0.16926470588235293,0.15676470588235292
contrastive,500,5,0.0023755783594408848,0.11233149350649352,0.2038571428571429,0.15652759740259745
contrastive,500,5,0.0026215660780478265,0.08758671328671329,0.16704545454545455,0.1528146853146853
contrastive,500,5,0.0024585676617754535,0.08566666666666667,0.1805952380952381,0.1505194805194805
contrastive,500,5,0.0019804240187284083,0.09896411447169962,0.1732156862745098,0.13021973485750574
contrastive,500,5,0.0020648470081411677,0.08491452991452993,0.16173076923076923,0.14500000000000002
contrastive,500,5,0.0025556909942929607,0.07163200418507323,0.14857954545454544,0.1422159090909091
contrastive,500,5,0.002117595628282238,0.07726210826210828,0.1477777777777778,0.14000000000000004
contrastive,500,5,0.0024628346742878613,0.0886072304507087,0.1745,0.15417391304347824
contrastive,500,5,0.0011239908580735162,0.06926173826173827,0.13217171717171716,0.11189699189699187
contrastive,500,5,0.00198002382173447,0.09139208446016225,0.1755921052631579,0.13709408154774289
contrastive,500,5,0.0026197126046408822,0.09936311139840552,0.18548076923076925,0.17173076923076924
contrastive,500,5,0.0033802294051085264,0.09598046398046398,0.18967032967032968,0.1768131868131868
contrastive,500,5,0.004417909642207016,0.09249874158099966,0.19887500000000002,0.18430357142857146
contrastive,500,5,0.0020936150002997343,0.08273619172818283,0.15875862068965518,0.14371159874608153
contrastive,500,5,0.003223096364883401,0.07822222222222222,0.16874999999999998,0.15574074074074074
contrastive,500,5,0.0004857421575505252,0.07587085020242915,0.12269230769230768,0.07321862348178135
contrastive,500,5,0.0020391123144728285,0.09061842105263157,0.13625,0.10916666666666669
contrastive,500,5,0.004409173494530584,0.07831490015360984,0.17730158730158732,0.16294674859190988
contrastive,500,5,0.00447213913744826,0.07899474474474474,0.17805555555555558,0.16805555555555557
contrastive,500,5,0.0023730710949484988,0.08071153846153847,0.16229166666666667,0.145625
contrastive,500,5,0.0026648645195364072,0.0942205128205128,0.18349999999999994,0.16519230769230764
contrastive,500,5,0.0031306676302378946,0.09409194139194138,0.1804029304029304,0.1727875457875458
contrastive,500,5,0.0048426812048673945,0.09358275058275059,0.21166666666666667,0.18827505827505828
contrastive,500,5,0.001736430388220661,0.06938907018907019,0.13498316498316504,0.11868945868945875
contrastive,500,5,0.00144113378270237,0.09052426900584795,0.13408333333333333,0.11991666666666666
contrastive,500,5,0.002670119946938776,0.09068666666666667,0.19258333333333333,0.15901190476190477
contrastive,500,5,0.005798893537414967,0.09764285714285716,0.2022857142857143,0.1802857142857143
contrastive,500,5,0.004962676082005281,0.08917690097259061,0.1957264957264957,0.1877264957264957
contrastive,500,5,0.0019712702855562555,0.08219450549450551,0.1567032967032967,0.1401221001221001
contrastive,500,5,0.0031126216487690843,0.07385470085470083,0.15213675213675212,0.14213675213675211
contrastive,500,5,0.0005606860338882283,0.05331091954022989,0.09833333333333334,0.08208333333333334
contrastive,500,5,0.0025142078799550646,0.08815793890320206,0.1653146853146853,0.16116083916083915
contrastive,500,5,0.0016948783767170776,0.09038008658008659,0.15133116883116882,0.13878571428571426
contrastive,500,5,0.00419429339761249,0.08342525252525253,0.1781666666666667,0.17144444444444448
contrastive,500,5,0.0012802510167500847,0.08926326614561907,0.14727272727272725,0.11039489921842861
contrastive,500,5,0.001763049831459619,0.09658509464391818,0.17714285714285716,0.14380952380952383
contrastive,500,5,0.0019515956664147142,0.09176507936507937,0.15571428571428572,0.12094391534391535
contrastive,500,5,0.005234365625,0.10554166666666667,0.21625000000000003,0.2025
contrastive,500,5,0.0018889304161682399,0.07690390977443609,0.14342105263157895,0.11082105263157895
contrastive,500,5,0.0020353523709204504,0.0867142267433289,0.17210526315789473,0.14924812030075188
contrastive,500,5,0.005503333398924308,0.11009956709956711,0.22642857142857142,0.21297619047619049
contrastive,500,5,0.0026311177507047,0.08441879636703166,0.17524064171122997,0.14594771241830068
contrastive,1000,10,0.002143892084904333,0.06431790047623381,0.1708333333333333,0.15999999999999998
contrastive,1000,10,0.002318187044927427,0.07844129306198273,0.1868571428571429,0.17289610389610394
contrastive,1000,10,0.0012155970234595892,0.056097883597883584,0.132875,0.12692261904761903
contrastive,1000,10,0.0011246757595874853,0.05797983029469097,0.15500000000000003,0.14250000000000002
contrastive,1000,10,0.0015968487730339935,0.06698507295173961,0.15436868686868685,0.1489520202020202
contrastive,1000,10,0.0010521638455067127,0.04649436148455756,0.12273809523809524,0.11098984348984349
contrastive,1000,10,0.0011580763464379288,0.04704356090910507,0.13845315904139435,0.1293762359644713
contrastive,1000,10,0.0015129078825506228,0.057531746346125436,0.14833333333333332,0.145
contrastive,1000,10,0.0018412518467730466,0.06877137693020048,0.19121212121212122,0.18488859180035652
contrastive,1000,10,0.0015596993391819843,0.06375771061542386,0.17972413793103448,0.17200483968542044
contrastive,1000,10,0.0012964057851774053,0.05648502090502091,0.14133333333333334,0.13476190476190478
contrastive,1000,10,0.002670235827602861,0.056612539763759274,0.18752380952380954,0.1741904761904762
contrastive,1000,10,0.0013393762123704096,0.05920678590928591,0.1630625,0.1535625
contrastive,1000,10,0.0018280858498867954,0.05946045751633987,0.17616666666666664,0.16199999999999998
contrastive,1000,10,0.0024883671690505084,0.07354473674473674,0.15783333333333335,0.14605555555555558
contrastive,1000,10,0.0030372456868358938,0.06982627281215516,0.19681818181818184,0.1834064171122995
contrastive,1000,10,0.0017391463719234233,0.0580322031931681,0.1454561403508772,0.13741447368421053
contrastive,1000,10,0.002002670468859803,0.05991283202394314,0.1677777777777778,0.1567777777777778
contrastive,1000,10,0.0011755568616325794,0.05920644611379907,0.160875,0.1465
contrastive,1000,10,0.000645880213947946,0.04410559528505199,0.10505376344086022,0.09130376344086022
contrastive,1000,10,0.0026490116879373765,0.05227044755926335,0.18,0.17375
contrastive,1000,10,0.0011181201195410565,0.05637903869149999,0.1484285714285714,0.13709523809523808
contrastive,1000,10,0.0018720968966185396,0.07340141408299303,0.17891666666666667,0.17145255183413077
contrastive,1000,10,0.0017788771295475698,0.05202806710198015,0.16696428571428573,0.15571428571428575
contrastive,1000,10,0.001038402145922799,0.04675726495726496,0.13055555555555556,0.12536324786324787
contrastive,1000,10,0.0016052164904906336,0.06011191799568993,0.14729166666666665,0.140625
contrastive,1000,10,0.0008647970236088663,0.05310546828880162,0.11833333333333335,0.10500000000000001
contrastive,1000,10,0.004609126047673277,0.06744991913746631,0.22803571428571429,0.22142857142857142
contrastive,1000,10,0.0018060037671249415,0.05990559641334833,0.16805555555555557,0.16361111111111112
contrastive,1000,10,0.00031132448665419495,0.03700959573240275,0.0811111111111111,0.07356565656565656
contrastive,1000,10,0.0019680635188463035,0.07805777174713448,0.16521367521367522,0.15682983682983684
contrastive,1000,10,0.0010252613426023982,0.05402738396364116,0.12901960784313726,0.12199579831932773
contrastive,1000,10,0.001463995957043646,0.060911584711584706,0.1403030303030303,0.13424242424242422
contrastive,1000,10,0.0014767571886077715,0.059566183801842705,0.1497222222222222,0.14051767676767674
contrastive,1000,10,0.0015885455353245425,0.061546655460700164,0.13937728937728938,0.12937728937728937
contrastive,1000,10,0.0007240888509895389,0.05349676249676251,0.11374125874125875,0.10307459207459208
contrastive,1000,10,0.0005745416453635334,0.04835922335719084,0.10708333333333334,0.09351190476190477
contrastive,1000,10,0.0011829566541560516,0.0682237135403802,0.16025,0.1523279220779221
contrastive,1000,10,0.0019015077353613833,0.06707521682747174,0.15050000000000002,0.13852521008403362
contrastive,1000,10,0.0016947757776662553,0.07106879342770148,0.16234848484848485,0.1521401515151515
contrastive,1000,10,0.001687514808045945,0.06476984685612137,0.18544444444444447,0.1746752136752137
contrastive,1000,10,0.0012540011164801472,0.05709225369160009,0.14650000000000002,0.13205555555555556
contrastive,1000,10,0.0016653301744719929,0.05756161616161617,0.1408888888888889,0.1316969696969697
contrastive,1000,10,0.0030583416346856634,0.07003828042328042,0.1725,0.16516666666666666
contrastive,1000,10,0.0018006994917428253,0.06279324564324563,0.16346153846153846,0.15546153846153846
contrastive,1000,10,0.003187332115492971,0.06785422182450046,0.1874561403508772,0.18261656815836383
contrastive,1000,10,0.002061026276185586,0.060868554690221365,0.1800615384615385,0.16597500000000004
contrastive,1000,10,0.0019496198454234304,0.06479376724639882,0.15564593301435406,0.14731259968102073
contrastive,1000,10,0.001928908360531776,0.06415138922882578,0.1727969348659004,0.16567275185936445
contrastive,1000,10,0.0017948488199907304,0.05818192239858906,0.169,0.15733333333333335
contrastive,2000,20,0.0012815147112743613,0.050711938371322346,0.15492465753424664,0.15075799086757996
contrastive,2000,20,0.0012958285959034869,0.0502057278894788,0.18409961685823756,0.17747461685823757
contrastive,2000,20,0.001611264093553476,0.055587723798048855,0.19982057416267945,0.19239633173843704
contrastive,2000,20,0.0011508461656617045,0.05653086740200452,0.15344155844155846,0.1467136172650879
contrastive,2000,20,0.002446954783659594,0.05496342427071241,0.22331103678929767,0.22086659234485323
contrastive,2000,20,0.0013595703894548094,0.04871940242676781,0.16946259220231827,0.1649864017261278
contrastive,2000,20,0.0023066548376316966,0.056630379026991716,0.21752097635392828,0.21256445461479784
contrastive,2000,20,0.0032351709503717,0.0682516320298849,0.2140151515151515,0.21046895586297756
contrastive,2000,20,0.0019865291998120344,0.054519662915498174,0.1936509758897819,0.18957857769973663
contrastive,2000,20,0.0018550013053200763,0.0494542355120952,0.1832298850574713,0.1792875773651636
contrastive,2000,20,0.0013265911083283413,0.052660908177982045,0.15672634271099745,0.15399906998372473
contrastive,2000,20,0.002238972817954441,0.05545493658412715,0.20309698996655517,0.1960340529036181
contrastive,2000,20,0.001591961585501545,0.052869470184002065,0.18597653554175292,0.17930986887508626
contrastive,2000,20,0.002609805730222008,0.06470656603869618,0.2253240740740741,0.22259680134680138
contrastive,2000,20,0.002326344982960253,0.06320279121142602,0.20061904761904764,0.19449404761904765
contrastive,2000,20,0.0011885924060690625,0.04839140934500955,0.15717037037037038,0.15322751322751324
contrastive,2000,20,0.0015879816332268959,0.056625362459788206,0.19271516393442625,0.18790762912689143
contrastive,2000,20,0.003182070159405285,0.06772896257287499,0.21948947368421054,0.21282939463282713
contrastive,2000,20,0.0014914269325199587,0.05065268953340199,0.1653968253968254,0.16246349206349206
contrastive,2000,20,0.0013011655105399623,0.052302859782718904,0.16569444444444442,0.16114898989898988
contrastive,2000,20,0.0016010353213311331,0.05712730235170015,0.17874999999999996,0.17440789473684207
contrastive,2000,20,0.0017075051995417174,0.05276667540617887,0.1730737704918033,0.16490710382513665
contrastive,2000,20,0.0020449294132887427,0.05300218187305945,0.22179738562091506,0.21763071895424838
contrastive,2000,20,0.001808997613108536,0.05295795857608596,0.17384761904761906,0.16810476190476192
contrastive,2000,20,0.001107147921880569,0.051105703954795745,0.15803030303030305,0.15374458874458877
contrastive,2000,20,0.0015494597812035675,0.04934181406268913,0.18900161030595813,0.184514653784219
contrastive,2000,20,0.0011617436294231347,0.04487447104015352,0.1682142857142857,0.16414835164835165
contrastive,2000,20,0.0025874612541090807,0.0586988694928241,0.20183006535947717,0.19686036838978022
contrastive,2000,20,0.0018970107855137417,0.06173329765256397,0.1863719862227325,0.1807675906183369
contrastive,2000,20,0.0024954017472388563,0.059390294519172486,0.21033613445378152,0.2028361344537815
contrastive,2000,20,0.001845101545789726,0.05298520713271316,0.19983098591549295,0.19916431924882627
contrastive,2000,20,0.001563347910616129,0.047444575206425525,0.15247950819672132,0.14772837697500185
contrastive,2000,20,0.0033255875244194723,0.0647582135074714,0.216875,0.21222587719298247
contrastive,2000,20,0.0017596749268978047,0.05706644550665637,0.2066285278413425,0.2021924376157786
contrastive,2000,20,0.0019224656351210494,0.054705401498239034,0.19832775919732443,0.19505852842809365
contrastive,2000,20,0.001715731595649764,0.05136260761660795,0.17757575757575758,0.1726806526806527
contrastive,2000,20,0.0011494291582160993,0.04920045869619902,0.14666666666666667,0.14407738095238096
contrastive,2000,20,0.0032994585126628613,0.0655802085587263,0.20251336898395722,0.19727527374586198
contrastive,2000,20,0.0014286700714094267,0.056192206838628675,0.18323809523809526,0.17970262613054377
contrastive,2000,20,0.0019470944443348587,0.06119068396789521,0.17566666666666667,0.16916666666666666
contrastive,2000,20,0.0016072897053613297,0.04825080490804044,0.17166535742340924,0.1689285153181461
contrastive,2000,20,0.0015458184866587502,0.05755233293903612,0.1702739726027398,0.16308647260273978
contrastive,2000,20,0.002290904187218546,0.05472424485358696,0.21984615384615383,0.21769230769230768
contrastive,2000,20,0.0017103554071432206,0.0523297410820441,0.185625,0.18261904761904763
contrastive,2000,20,0.002078386050517981,0.04921315647178151,0.1888208168642951,0.18430468783203705
contrastive,2000,20,0.002184162027745063,0.05390088568348712,0.2140844155844156,0.2064857313738893
contrastive,2000,20,0.00345798556827014,0.06632939744472155,0.2399718045112782,0.23601347117794486
contrastive,2000,20,0.001962633355062896,0.06484851068613015,0.21188405797101448,0.204975845410628
contrastive,2000,20,0.0027277362374389896,0.067069054694885,0.19733333333333336,0.1910875420875421
contrastive,2000,20,0.0015339070818693409,0.05066366086957376,0.17882898550724632,0.1738058373590982
contrastive,5000,50,0.0007812380931082757,0.04250881005671633,0.16204473684210524,0.1583263024986709
contrastive,5000,50,0.0009643823496568269,0.0463618616180537,0.18537021154945682,0.18213629342080184
contrastive,5000,50,0.0011980816211876332,0.049252184456206494,0.1966090313916401,0.19465764604402833
contrastive,5000,50,0.0008767431571788339,0.04135109741928205,0.17795409429280398,0.17410794044665015
contrastive,5000,50,0.0011144362845141138,0.04604565851807176,0.19350972947318462,0.18821367684160567
contrastive,5000,50,0.0010699758094707913,0.047021253832276844,0.18813028169014082,0.1854832228666114
contrastive,5000,50,0.000875949461022871,0.044227307208936396,0.18241933040448416,0.18001234773374003
contrastive,5000,50,0.0010302814663227572,0.04459646010911258,0.17299412915851275,0.1693274624918461
contrastive,5000,50,0.0013428190129664466,0.05176765619646589,0.19912888436067244,0.19590452538631348
contrastive,5000,50,0.000994801181888397,0.04678003740938298,0.16705985231247572,0.16616655206433675
contrastive,5000,50,0.001087858611321382,0.04637630348780094,0.18791040100250628,0.1841225222146275
contrastive,5000,50,0.0010306981059252302,0.04406055093914471,0.18322939068100358,0.18012660165716193
contrastive,5000,50,0.0010594995854661957,0.044601630173846135,0.19637394514767934,0.19176593121039712
contrastive,5000,50,0.001153446964119711,0.04846961913690043,0.18633333333333332,0.18311363636363637
contrastive,5000,50,0.000985176299701115,0.04635420642258708,0.18865837459244053,0.18452077769321573
contrastive,5000,50,0.0012501524195084374,0.04984417098490837,0.20380952380952383,0.19983516483516486
contrastive,5000,50,0.0012694480035803498,0.04477516717217199,0.19767915844838924,0.1947347140039448
contrastive,5000,50,0.0009802505777801811,0.04663121568145401,0.18497157622739016,0.18208268733850128
contrastive,5000,50,0.0010703050809774486,0.04444994395072774,0.176969696969697,0.17399158565012227
contrastive,5000,50,0.0009767306481517695,0.04617036571950498,0.17134554334554333,0.16880448054361097
contrastive,5000,50,0.0008222382079200366,0.04399191505741092,0.1799747474747475,0.17574494949494954
contrastive,5000,50,0.001267999258092556,0.048173711594352873,0.19367470624613484,0.1907335297755466
contrastive,5000,50,0.000879342984180092,0.044616181163778204,0.17205882352941176,0.1683855233635743
contrastive,5000,50,0.0013371018330034638,0.04846267399511763,0.20121951219512196,0.19838617886178864
contrastive,5000,50,0.0011040318656821233,0.044409657904042985,0.20663043478260873,0.20178225664495691
contrastive,5000,50,0.0010225615354400603,0.044157406458022276,0.19110828025477705,0.1881117876962407
contrastive,5000,50,0.0011337988618246705,0.0464940621602517,0.18910074265418148,0.18463714112161442
contrastive,5000,50,0.000983300492128293,0.04132305852411694,0.1704166666666667,0.16684770114942532
contrastive,5000,50,0.0013025136751568572,0.04915729815377951,0.19771986062717772,0.19388347851335658
contrastive,5000,50,0.0009554685577830093,0.04682908449087546,0.17743809523809523,0.17385966386554622
contrastive,5000,50,0.0010657660980649217,0.047119928371431696,0.1893735849056604,0.1859949770958132
contrastive,5000,50,0.0011257377763084946,0.04593102126663726,0.192,0.1898030303030303
contrastive,5000,50,0.0009424057076549178,0.04418173411962194,0.17713517338995044,0.17473840072739705
contrastive,5000,50,0.0010425695686322462,0.04593047749390895,0.18413344407530452,0.17837561291924328
contrastive,5000,50,0.0009326235861701552,0.042788624659729844,0.17393687707641198,0.1711823417191369
contrastive,5000,50,0.0009165711876288772,0.043811571348401086,0.18012048192771085,0.17791994954084306
contrastive,5000,50,0.0008592323502311547,0.04257521428346283,0.17272544418370767,0.16889952176175876
contrastive,5000,50,0.0009053760175501277,0.04473792540037839,0.1736583483406226,0.16949829543056968
contrastive,5000,50,0.0011688731786409997,0.04794015250162404,0.19505584395154946,0.19315840805411355
contrastive,5000,50,0.0010468477830115534,0.04512407762975325,0.19112554112554114,0.18637595389384054
contrastive,5000,50,0.001078089612294059,0.042797166671079655,0.1847164422684619,0.18284464739666703
contrastive,5000,50,0.001112507735786867,0.04555889695470279,0.18018145161290322,0.17798015291160452
contrastive,5000,50,0.001082418872061097,0.04665807129224989,0.1890342465753425,0.18491659951651898
contrastive,5000,50,0.00114568991877778,0.045745019399235365,0.17737124944021498,0.17322839229735784
contrastive,5000,50,0.0011784353542351838,0.04777343448221866,0.19577067669172932,0.19267543859649122
contrastive,5000,50,0.0010639937323814717,0.0435563344218779,0.19648585182576023,0.1918797912196996
contrastive,5000,50,0.0007433870726876673,0.04280108079434447,0.14946421737466514,0.1454026789131267
contrastive,5000,50,0.0008910075563776159,0.04469513719489212,0.16121951219512196,0.15726117886178861
contrastive,5000,50,0.001066805237534486,0.04659602222055194,0.18128205128205127,0.17783014087361912
contrastive,5000,50,0.0009995660285040918,0.04927190400660927,0.1713289183222958,0.16737619104956852
contrastive,10000,100,0.0008631988698109932,0.04017948123826473,0.22191577409931842,0.21794752013106447
contrastive,10000,100,0.0008049177880432604,0.039500362053831665,0.2297849025974026,0.22733392220524576
contrastive,10000,100,0.000937300437224129,0.04204382294581543,0.2328111231491513,0.22958195648248464
contrastive,10000,100,0.003918716989021946,0.04562618165747776,0.48714285714285716,0.4828612896537425
contrastive,10000,100,0.002944782787422773,0.044785930679817065,0.425,0.422
contrastive,10000,100,0.0039045947650511747,0.048814123994422545,0.49128787878787883,0.4874972223715571
contrastive,10000,100,0.0008721698545550527,0.04035821264091109,0.21888211382113823,0.21702686407598024
contrastive,10000,100,0.0007309340907619765,0.03879381845941226,0.20625390951940442,0.2029205761860711
contrastive,10000,100,0.0007300114010594276,0.039301759292645004,0.20139534883720933,0.19901439645625696
contrastive,10000,100,0.0007428018152812686,0.03995051958086342,0.19855437665782494,0.19498791070136362
contrastive,10000,100,0.0008806375440977358,0.03998690352117376,0.21163123500703118,0.20820703544421776
contrastive,10000,100,0.0008472723523066894,0.041218383314711934,0.21264275766016713,0.20863160783438317
contrastive,10000,100,0.0007867686165420325,0.03949507241667072,0.21481801886057203,0.21144171710796852
contrastive,10000,100,0.0007098074779767747,0.03995303287060555,0.20453361344537815,0.20349465240641712
contrastive,10000,100,0.0008285217835042823,0.03910030756907845,0.22248552387195458,0.2198156812870333
contrastive,10000,100,0.0007825603016498786,0.03834022941489983,0.23336206896551723,0.2303353131126744
contrastive,10000,100,0.0013013488562113324,0.041694901476067664,0.24811904761904766,0.24504545454545457
contrastive,10000,100,0.0006660897366618751,0.03724589532504246,0.1892073732718894,0.18535710589221027
contrastive,10000,100,0.0009768362364036243,0.04199018753694205,0.2275314219995071,0.22498750308058818
contrastive,10000,100,0.0007658127210458976,0.038238932441733986,0.20515127080376724,0.20128883694133337
contrastive,10000,100,0.0008633696572310942,0.03772672286030801,0.23604233654876744,0.23382011432654523
contrastive,10000,100,0.0008691913704262483,0.0396037805657258,0.2152852852852853,0.21168051865172025
contrastive,10000,100,0.0008702760631332978,0.03972158608678613,0.21857263448699255,0.21579180420616226
contrastive,10000,100,0.0007302585485174472,0.03765417899267131,0.2142826521024196,0.2111811483430211
contrastive,10000,100,0.0008570015323797937,0.0404730568567451,0.23380950436841674,0.23077808861974272
contrastive,10000,100,0.0008475233290210815,0.039418981057196455,0.2114525513012029,0.2087408185894702
contrastive,10000,100,0.0008809418918206539,0.039469765944715754,0.22836556632222266,0.22514334410000045
contrastive,10000,100,0.0009118644697728379,0.04160915720929532,0.2232604166666667,0.21973477564102567
contrastive,10000,100,0.0009967921228024234,0.041271788172639226,0.212732782369146,0.2106982996105253
contrastive,10000,100,0.0008246437268158218,0.03783580921639544,0.21226586102719036,0.20819534820667754
contrastive,10000,100,0.0008990897720012823,0.04023739437007031,0.2167606837606838,0.21354639804639808
contrastive,10000,100,0.0007797917341273175,0.04100133419214586,0.20870833333333333,0.20518659420289856
contrastive,10000,100,0.0008425201180813801,0.039066678886569166,0.222060922891324,0.22039638479000428
contrastive,10000,100,0.0012969273788262699,0.043145549578809304,0.23442350332594236,0.23158374673365026
contrastive,10000,100,0.001595981334675171,0.04166695386851614,0.29686274509803917,0.2941354723707664
contrastive,10000,100,0.0008206650099919961,0.04156224396875861,0.20566542948038177,0.20272425300979355
contrastive,10000,100,0.0008216328718108399,0.0392612751742624,0.20814570858283432,0.2052941028242518
contrastive,10000,100,0.0007243553112021386,0.03790740993889317,0.2063685234305924,0.2035669097010842
contrastive,10000,100,0.000853385807867703,0.03990217498949636,0.21519696969696966,0.212539627039627
contrastive,10000,100,0.0010235857590634926,0.04357705615264392,0.1963354037267081,0.19305852851066937
contrastive,10000,100,0.0008940451485321692,0.04092089559072377,0.228600583090379,0.22585166534146126
contrastive,10000,100,0.0008522470254088338,0.0399175142642423,0.21455070281124497,0.211481666584314
contrastive,10000,100,0.0008033867960270195,0.03834818973651029,0.21761352657004832,0.21504487867293326
contrastive,10000,100,0.0008748647596986997,0.04128641311863902,0.22644509476031216,0.2235701040837999
contrastive,10000,100,0.0007639469811289104,0.039428868146695016,0.21240296705192338,0.21061139796527234
contrastive,10000,100,0.0008184917068901333,0.03853124068600045,0.21730801830818786,0.21401519750547446
contrastive,10000,100,0.0008224501184500713,0.04359433739107946,0.19550211416490484,0.19245421866417917
contrastive,10000,100,0.0007753474591126003,0.037880402805869524,0.2072905952800282,0.20414625079974752
contrastive,10000,100,0.0007772487478812548,0.039694782713251116,0.21259615384615385,0.20989971050454923
contrastive,10000,100,0.0008082247037699278,0.03904241633212556,0.21559076103050048,0.21289148083855167
contrastive,21187,200,0.0007665771187641714,0.038520919094744706,0.2601727982162765,0.25750613154960983
contrastive,21187,200,0.0008392756711643877,0.03811487848872185,0.24671756601607348,0.2442656429391504
contrastive,21187,200,0.0008737762293661833,0.03828297413378548,0.25783333333333336,0.2559251207729469
contrastive,21187,200,0.0006819784121154254,0.038301758954817626,0.23825174825174822,0.23574521016740693
contrastive,21187,200,0.0008565253055208677,0.03979194190751652,0.25281417112299465,0.2509233723363415
contrastive,21187,200,0.0007385227518610665,0.0394113333678045,0.24181334202520643,0.2395903428022072
contrastive,21187,200,0.0007108249500108884,0.038891300537089835,0.24488213491475164,0.24325317563873353
contrastive,21187,200,0.0008199876767881962,0.041779398014185114,0.24185022026431716,0.23894100040616112
contrastive,21187,200,0.0007865428605866085,0.038762017027379726,0.252133526850508,0.24945182258985638
contrastive,21187,200,0.0009373200004691917,0.04093494661455468,0.254337930111126,0.25236750818855097
contrastive,21187,200,0.00098273682096556,0.04117550263814971,0.24094689286372853,0.23933615460869498
contrastive,21187,200,0.0007808758625375106,0.039483878725101514,0.2549344978165939,0.2518151139911767
contrastive,21187,200,0.0008231365991458859,0.04006543040358046,0.2388904299583911,0.23707224814020927
contrastive,21187,200,0.0008901646483068461,0.03949510183058773,0.23874679802955667,0.2369610837438424
contrastive,21187,200,0.0008379952699836913,0.03974783865248619,0.2415309267004182,0.23848452865402014
contrastive,21187,200,0.000763293526870878,0.039746095632448984,0.24592476137001687,0.24423069182238422
contrastive,21187,200,0.0011763908169827974,0.04057875919497882,0.3176573426573427,0.3145143828872278
contrastive,21187,200,0.0008385340189807083,0.040383518261185095,0.2521427764599571,0.249094530845922
contrastive,21187,200,0.0009343412780496672,0.040136075294751494,0.25945977345338367,0.25731277151914766
contrastive,21187,200,0.0007980949459199117,0.03875157505660402,0.26357558139534887,0.2609089147286822
contrastive,21187,200,0.001239715146233441,0.039518449752246734,0.3281805745554036,0.32531120518603424
contrastive,21187,200,0.0009355453473066438,0.038883816594658054,0.263399209486166,0.260899209486166
contrastive,21187,200,0.0007149328773334889,0.038439260623543615,0.24299467099165895,0.24083558008256803
contrastive,21187,200,0.0008943352386664205,0.03976140266108551,0.2612449556093624,0.2593951506139263
contrastive,21187,200,0.0011159787965233081,0.039007552231751896,0.28085227272727276,0.2782332251082251
contrastive,21187,200,0.0007029735813231558,0.038004311836261365,0.2432712215320911,0.24116532834608742
contrastive,21187,200,0.0006791134428374227,0.03790132345230422,0.23729363856482505,0.23462697189815837
contrastive,21187,200,0.0007659480321344084,0.03872331315128454,0.24898193760262724,0.24638389838694097
contrastive,21187,200,0.0014430683340635462,0.043152851791700315,0.35971153846153847,0.3574038461538462
contrastive,21187,200,0.0007749569688868304,0.040009053287391724,0.24975451847855412,0.24728698601102164
contrastive,21187,200,0.0008778579639935086,0.03977170596899788,0.24203463203463205,0.2398917748917749
contrastive,21187,200,0.0010475063743553123,0.04193928185468843,0.26473684210526316,0.26252863096156814
contrastive,21187,200,0.0007173408705451085,0.03709877109712842,0.2479207650273224,0.24625409836065573
contrastive,21187,200,0.000734203803080687,0.039243982300294286,0.23994905385735082,0.23707026597856296
contrastive,21187,200,0.0007759612709687325,0.03791788364020452,0.2356029810298103,0.2327741969107036
contrastive,21187,200,0.0008881987769499246,0.04071592951849826,0.23960317460317462,0.23681377884116853
contrastive,21187,200,0.0008575547874747368,0.04045331533924963,0.24659264399722414,0.24428495168953182
contrastive,21187,200,0.0008366329135717883,0.040676372011336975,0.2323827673827674,0.23056458556458556
contrastive,21187,200,0.0011369130442524288,0.04107913872004598,0.26190476190476186,0.2591009157509157
contrastive,21187,200,0.0008933616429246024,0.04167727618224683,0.24843157651410075,0.24579268762521186
contrastive,21187,200,0.0008939334881080098,0.039176209301338055,0.25798943794794416,0.25514943794794415
contrastive,21187,200,0.0007546408423327614,0.040051466545309375,0.24348315998018816,0.24042392036922441
contrastive,21187,200,0.0007149306387320754,0.03826416114812895,0.23688108766233765,0.23481377997002995
contrastive,21187,200,0.0010470439718665847,0.04168457732003766,0.28011111111111114,0.2777807943690297
contrastive,21187,200,0.0007198270675429927,0.03874915288719541,0.2477745664739885,0.24686547556489757
contrastive,21187,200,0.0008516570851085335,0.03882877597677403,0.2369879679144385,0.23523971616618675
contrastive,21187,200,0.001191414386704781,0.04106499983172055,0.310952380952381,0.30932900432900434
contrastive,21187,200,0.000842117430127604,0.03918203569452916,0.2644310344827586,0.2620219435736677
contrastive,21187,200,0.000859963172414975,0.03873864749961161,0.24950454270139308,0.24654439089873653
contrastive,21187,200,0.0007754873177746832,0.03976140901363944,0.2378148148148148,0.2364045584045584
non-contrastive,284,5,0.00013543414581420262,0.023913383838383838,0.04756944444444444,0.03875126262626263
non-contrastive,284,5,0.0001908553731097962,0.03618717948717949,0.05706730769230769,0.04373397435897436
non-contrastive,284,5,0.0003309687649750986,0.03437679211469534,0.055694444444444435,0.04835573476702508
non-contrastive,284,5,0.0005723221315192744,0.035128571428571426,0.0805,0.0741904761904762
non-contrastive,284,5,0.00015217076216712577,0.025460606060606062,0.05181818181818182,0.04
non-contrastive,284,5,0.0006364111176857333,0.043761538461538456,0.08730769230769231,0.07684615384615384
non-contrastive,284,5,0.0006303069213369008,0.04903248067721752,0.08995215311004785,0.08139446080235554
non-contrastive,284,5,0.00036219262872199857,0.04461144781144781,0.0763030303030303,0.059488215488215486
non-contrastive,284,5,0.00020466852645586227,0.027449186602870813,0.05116363636363637,0.03917533227006911
non-contrastive,284,5,0.00016526362743597592,0.0265479797979798,0.04606060606060606,0.03674242424242424
non-contrastive,284,5,0.0003712886007390878,0.03446711621711622,0.07435897435897436,0.0627518315018315
non-contrastive,284,5,0.0005474951890473095,0.0494440170940171,0.08940170940170941,0.07826040505388332
non-contrastive,284,5,0.0004675793998728839,0.0349310200910201,0.0754945054945055,0.0674945054945055
non-contrastive,284,5,0.0004296806232079608,0.045992640692640696,0.09075,0.07870454545454546
non-contrastive,284,5,8.216876020162171e-05,0.021944957264957266,0.03692307692307692,0.02914529914529914
non-contrastive,284,5,0.00030912289026941044,0.04051709401709401,0.07507936507936508,0.05686507936507937
non-contrastive,284,5,0.00033791767696131705,0.04382289377289377,0.078875,0.06113690476190476
non-contrastive,284,5,0.00044765634615384614,0.04280384615384615,0.08240384615384615,0.06740384615384615
non-contrastive,284,5,0.0003754360422405877,0.04437878787878787,0.07766666666666668,0.06221212121212122
non-contrastive,284,5,0.00032690598214285733,0.028317857142857145,0.06089285714285715,0.04989285714285715
non-contrastive,284,5,7.873400650043038e-05,0.024437275985663087,0.03950000000000001,0.02616666666666667
non-contrastive,284,5,0.00025397949318789465,0.039224209503621266,0.06509803921568627,0.04884803921568627
non-contrastive,284,5,2.9317439471437713e-05,0.014056237879767291,0.026208791208791205,0.017747252747252744
non-contrastive,284,5,0.0006538908919751579,0.034772727272727275,0.07685314685314687,0.06980769230769232
non-contrastive,284,5,9.308778962998744e-05,0.023543589743589742,0.041192307692307695,0.036144688644688644
non-contrastive,284,5,0.0005760367077078765,0.05065714285714286,0.07805194805194804,0.06805194805194804
non-contrastive,284,5,0.0006323241094695805,0.04768976608187135,0.09411111111111112,0.07957163742690058
non-contrastive,284,5,0.00015855641452176413,0.030061305361305364,0.049999999999999996,0.04128787878787878
non-contrastive,284,5,0.002516459783057267,0.07180187969924812,0.15428571428571428,0.14354887218045112
non-contrastive,284,5,0.0005994952563570462,0.04172727272727274,0.08205357142857143,0.07572946075663467
non-contrastive,284,5,0.0008088556804733731,0.05517692307692308,0.1,0.08384615384615385
non-contrastive,284,5,0.00019906261941869408,0.03280018722696068,0.060813397129186604,0.04858513625962139
non-contrastive,284,5,0.00019227981859410435,0.037190476190476184,0.06133333333333333,0.048190476190476186
non-contrastive,284,5,0.0008471787801652893,0.0548430303030303,0.11181818181818183,0.09520000000000002
non-contrastive,284,5,0.0005951994,0.04829,0.08374999999999999,0.0706
non-contrastive,284,5,0.0007100733906311638,0.049047179487179494,0.10333333333333333,0.09441025641025641
non-contrastive,284,5,0.0002144389253235052,0.03416194331983806,0.06367521367521367,0.04923076923076923
non-contrastive,284,5,0.00045848155634826266,0.03760919540229885,0.08266666666666667,0.07056896551724137
non-contrastive,284,5,0.00011557859821873981,0.024783065953654194,0.04418300653594772,0.03721330956625075
non-contrastive,284,5,0.00015530884701217592,0.031496321070234125,0.05223776223776224,0.035874125874125876
non-contrastive,284,5,2.7205782264291238e-05,0.014684491978609627,0.022245989304812835,0.017245989304812834
non-contrastive,284,5,0.00023943191358024685,0.03691111111111112,0.05555555555555555,0.049027777777777774
non-contrastive,284,5,0.00022454994897959192,0.02585,0.05512500000000001,0.05043750000000001
non-contrastive,284,5,0.00011870268253468947,0.024991978609625667,0.046684491978609625,0.03293449197860963
non-contrastive,284,5,0.000642843988603989,0.04276239316239317,0.0828888888888889,0.07622222222222223
non-contrastive,284,5,0.000266683611111111,0.040883333333333334,0.06999999999999999,0.054583333333333324
non-contrastive,284,5,0.0001413266666666667,0.027133333333333332,0.048666666666666664,0.03929166666666666
non-contrastive,284,5,0.00013180220570920486,0.029353550543024232,0.05561403508771931,0.03972514619883043
non-contrastive,284,5,5.6490170390776456e-05,0.017123232323232325,0.03111111111111111,0.02377777777777778
non-contrastive,284,5,0.0004586036932943114,0.035143604108309995,0.07511111111111113,0.06889262371615315
non-contrastive,500,5,0.00030767061970212405,0.03723939938294159,0.06922794117647059,0.05926762371615313
non-contrastive,500,5,0.00016258751855818227,0.029758500487827362,0.052095588235294116,0.03905123339658444
non-contrastive,500,5,0.00019854727674471995,0.03186742424242424,0.0618560606060606,0.0468560606060606
non-contrastive,500,5,0.00039740321717442504,0.036070216228784,0.06521739130434782,0.05762380841664729
non-contrastive,500,5,0.0003053456205786317,0.034344894097990075,0.07163742690058479,0.06435801513587891
non-contrastive,500,5,0.00036826247163739906,0.04544942791762014,0.08552631578947369,0.06493004249754822
non-contrastive,500,5,0.0008063645808853959,0.03969949494949495,0.08722222222222221,0.0791693376068376
non-contrastive,500,5,0.000138070437680058,0.02850173238739482,0.0505921052631579,0.04238755980861244
non-contrastive,500,5,0.0002881238984979829,0.039367583396995164,0.06833333333333333,0.05976190476190476
non-contrastive,500,5,0.00010693436832907078,0.026571432225063946,0.044211956521739135,0.034260976129582274
non-contrastive,500,5,0.00032803542008459717,0.028431768667062783,0.06356902356902358,0.05660823925529809
non-contrastive,500,5,0.00040319172869257596,0.04048450672134883,0.08118181818181819,0.0659537480063796
non-contrastive,500,5,0.00034800467586695546,0.05152087019018133,0.08646616541353383,0.06210526315789473
non-contrastive,500,5,0.0013255470856134669,0.049339345711759505,0.10999999999999999,0.10435013262599468
non-contrastive,500,5,0.00019184300590657926,0.03430534670008354,0.06010526315789473,0.04466666666666666
non-contrastive,500,5,0.00021482111304012345,0.035731150793650794,0.0645,0.052625000000000005
non-contrastive,500,5,0.00016179613390231146,0.02984785214785215,0.050625,0.04180681818181818
non-contrastive,500,5,0.0006961193132659341,0.04575701754385965,0.09399999999999999,0.0828486842105263
non-contrastive,500,5,0.0002346132235939643,0.030374074074074074,0.05305555555555555,0.04572222222222222
non-contrastive,500,5,0.00038080822294750703,0.04129010025062657,0.08575657894736843,0.07161372180451128
non-contrastive,500,5,0.00100674649257795,0.05302398989898991,0.09515151515151515,0.0857070707070707
non-contrastive,500,5,0.0003975371713423661,0.037108225108225104,0.07469696969696968,0.0691125541125541
non-contrastive,500,5,0.0002082798997045842,0.031990432439900525,0.06166666666666667,0.05162867274569402
non-contrastive,500,5,0.00018815942669079167,0.02842,0.05109999999999999,0.043690909090909086
non-contrastive,500,5,0.0009098974164890242,0.05288499025341131,0.10884210526315789,0.09506432748538012
non-contrastive,500,5,0.00030117059392674873,0.028094004884004882,0.05615555555555555,0.04807863247863247
non-contrastive,500,5,0.0005496516601811873,0.03757141602358994,0.08600790513833993,0.07764811677855157
non-contrastive,500,5,0.0002635699371784221,0.0346987012987013,0.059428571428571435,0.05104473304473305
non-contrastive,500,5,0.0004928906270204214,0.03892577597840756,0.07730769230769231,0.06765182186234818
non-contrastive,500,5,0.00023211644318843662,0.031901652838994043,0.06720394736842106,0.055743629908103595
non-contrastive,500,5,0.00044039023847337226,0.044713370032941215,0.07627949183303087,0.06756686724831326
non-contrastive,500,5,0.0003482231409103469,0.03825791985791986,0.07115151515151515,0.061619047619047615
non-contrastive,500,5,0.0007163657210238315,0.04952377628563388,0.10256965944272448,0.08999823087129591
non-contrastive,500,5,0.000507722354362945,0.041486085904416214,0.08824561403508772,0.07716802782819117
non-contrastive,500,5,0.00015458767457586273,0.03041828553283662,0.05035714285714286,0.040296811032105154
non-contrastive,500,5,0.00035751829013958535,0.03494061624649861,0.07470588235294118,0.06389635854341737
non-contrastive,500,5,0.0011486121591711249,0.04965348208248817,0.10180555555555554,0.09602462249267521
non-contrastive,500,5,0.000227385736298369,0.027861938349007315,0.060303030303030296,0.05349268547544409
non-contrastive,500,5,0.0011346911722044197,0.05221818181818183,0.11100000000000002,0.10452813852813854
non-contrastive,500,5,0.00046979963251288687,0.044932938406622616,0.09261904761904761,0.08087928153717627
non-contrastive,500,5,0.0007061704606482617,0.04923714341924061,0.09443478260869567,0.08352980523313006
non-contrastive,500,5,0.0011809472134299084,0.05735014430014431,0.11661616161616162,0.10894949494949495
non-contrastive,500,5,0.00037723098765432095,0.04463333333333334,0.08566666666666667,0.06916666666666667
non-contrastive,500,5,0.00039150980679908133,0.04078228291316526,0.07671428571428571,0.06428373015873015
non-contrastive,500,5,0.0005182494544496711,0.04857070707070708,0.09396825396825398,0.07496031746031746
non-contrastive,500,5,0.000373570912739411,0.04173097273097274,0.07434065934065935,0.06815018315018316
non-contrastive,500,5,0.00033263636245680305,0.04123154121863799,0.07972222222222224,0.06366666666666668
non-contrastive,500,5,0.0002472745558826291,0.03206154684095861,0.06165266106442578,0.051603641456582645
non-contrastive,500,5,0.00021851715041347496,0.026045566502463053,0.055142857142857146,0.05022331691297209
non-contrastive,500,5,0.00039289728158232903,0.03887203186201903,0.0783157894736842,0.07064224350745531
non-contrastive,1000,10,0.0003085610781258684,0.03246818345654493,0.08364210526315789,0.08006977821913273
non-contrastive,1000,10,0.00017211177640421747,0.02494868948058471,0.054350912778904664,0.04894798237597426
non-contrastive,1000,10,0.0001490700132204819,0.02436736398355605,0.054583333333333324,0.04994369369369368
non-contrastive,1000,10,0.0001388683902238833,0.02179928734975863,0.049545454545454545,0.044113875598086126
non-contrastive,1000,10,0.00016088668674947874,0.025779611202969007,0.06033333333333333,0.054999031007751935
non-contrastive,1000,10,0.00022486047513293656,0.02436925522700491,0.06376842105263159,0.0583589382940109
non-contrastive,1000,10,9.072617881305084e-05,0.023268588932477498,0.04793684210526316,0.03983339382940109
non-contrastive,1000,10,0.000614579804124015,0.035481502288516056,0.10083478260869565,0.09518260869565216
non-contrastive,1000,10,0.0001647662401175321,0.02443920368890865,0.062142857142857146,0.05667247386759582
non-contrastive,1000,10,0.00022818430939658058,0.025395896181117924,0.06354005167958657,0.05894005167958657
non-contrastive,1000,10,0.00023679355671162226,0.028900518496100543,0.06876623376623378,0.06293874428516787
non-contrastive,1000,10,0.00032998283279117905,0.030296531499401726,0.08792592592592594,0.08219961013645226
non-contrastive,1000,10,0.0003700320961028706,0.025863887778542705,0.08279411764705882,0.07751939237233355
non-contrastive,1000,10,0.00018259357278336725,0.027022723308437586,0.059495614035087706,0.052062333030378126
non-contrastive,1000,10,0.00013005959033280035,0.024412518305913483,0.05054135338345866,0.042997493734335854
non-contrastive,1000,10,0.00017038647300963167,0.027230664741029705,0.059117647058823525,0.054002704530087896
non-contrastive,1000,10,0.00020174658114250244,0.027650174719933477,0.06608391608391609,0.06013849698060225
non-contrastive,1000,10,0.00026096490239060216,0.021722658955605927,0.06879166666666667,0.0648188775510204
non-contrastive,1000,10,0.00020120533189110307,0.028169931613143812,0.06212500000000001,0.05819453892668179
non-contrastive,1000,10,0.00016897844420744694,0.02675550307896954,0.05841666666666667,0.0518425925925926
non-contrastive,1000,10,0.0002335283227534087,0.027066231036061053,0.06879173290937995,0.06408697100461805
non-contrastive,1000,10,0.0004549977784271167,0.02991937092003858,0.09410526315789475,0.08965341889559966
non-contrastive,1000,10,0.00036810130357520135,0.02899792307834076,0.08190476190476191,0.0765685045948204
non-contrastive,1000,10,0.0003769828875682305,0.029924864773282916,0.08819354838709678,0.08284289903644743
non-contrastive,1000,10,0.00015312724563721925,0.024603966324116773,0.06301587301587301,0.05521713087750823
non-contrastive,1000,10,0.0001371944951652883,0.023057641129774195,0.05647058823529412,0.05182773109243698
non-contrastive,1000,10,0.00033229765692547946,0.03105907300482936,0.08116847826086958,0.07717809364548496
non-contrastive,1000,10,0.00017122771591253632,0.024351491497739627,0.061102756892230575,0.05636591478696742
non-contrastive,1000,10,0.0010596520189324857,0.034254429190078366,0.11588095238095238,0.11160060194290482
non-contrastive,1000,10,0.00023522306060621873,0.0289508197670799,0.0720641447368421,0.0641897486015764
non-contrastive,1000,10,8.345313151477544e-05,0.021330440488063526,0.03658170914542729,0.030877950855080938
non-contrastive,1000,10,0.00024195797318890918,0.023918476470273856,0.05860119047619047,0.05571158008658008
non-contrastive,1000,10,0.00032483938924800503,0.02703818190369662,0.06709790209790209,0.061621711621711615
non-contrastive,1000,10,0.00032616362488383855,0.032478720630291995,0.08855311355311354,0.08192432567432566
non-contrastive,1000,10,0.0005127425505413473,0.0281826859094792,0.09373626373626372,0.08741758241758239
non-contrastive,1000,10,0.00025051658881815824,0.030074595754086497,0.07170807453416149,0.06379787045252884
non-contrastive,1000,10,0.00018130830236368618,0.028327487114767815,0.06334928229665071,0.059390948963317376
non-contrastive,1000,10,0.0006696869647879237,0.029646990826569988,0.09573934837092732,0.09235225159673377
non-contrastive,1000,10,0.00014409548694337926,0.023298188673185522,0.05242681047765793,0.049821547319763196
non-contrastive,1000,10,0.0002711465430838074,0.028197913222541986,0.07465437788018435,0.06971158611817062
non-contrastive,1000,10,0.0001643215274959113,0.025670560861863586,0.05651515151515151,0.04981862295972038
non-contrastive,1000,10,0.00028949607015195107,0.02449929020157898,0.0647431302270012,0.0590586452204823
non-contrastive,1000,10,0.0001813054486593823,0.026102571609817993,0.063,0.057523809523809526
non-contrastive,1000,10,0.00018795011926037473,0.028333370741541266,0.063871921182266,0.05818505249539732
non-contrastive,1000,10,0.0002387779084017854,0.029391957001878133,0.07074074074074074,0.06400604686318973
non-contrastive,1000,10,0.00041059547034693467,0.03154197000762619,0.08763392857142857,0.08275375427948957
non-contrastive,1000,10,0.00020654848238150635,0.02737283185476763,0.05973805855161787,0.05494723533974203
non-contrastive,1000,10,0.0005100901335153667,0.033895521376340346,0.10417948717948719,0.10030524782857442
non-contrastive,1000,10,0.0002838045658574068,0.02928990353893216,0.07801587301587302,0.07468253968253968
non-contrastive,1000,10,0.0003236215103817606,0.030395346337052803,0.07032592592592593,0.06542592592592593
non-contrastive,2000,20,0.0002554575181862102,0.031244847316495707,0.07731818181818183,0.07219942106086685
non-contrastive,2000,20,0.00024247835248485895,0.03258193482939229,0.07648395721925134,0.07165441176470588
non-contrastive,2000,20,0.00038657238004659083,0.030784117914910116,0.098726977248104,0.09408412010524686
non-contrastive,2000,20,0.00014986330039746336,0.0262035804821919,0.060375,0.055011363636363636
non-contrastive,2000,20,0.00048076322986600003,0.03413075984145795,0.09151735270379338,0.0871489316511618
non-contrastive,2000,20,0.0003050132682316777,0.027945875383523673,0.0915873015873016,0.08867063492063494
non-contrastive,2000,20,0.0005148130332156845,0.034232325505660126,0.11945454545454548,0.11234826014381101
non-contrastive,2000,20,0.0003058930773737052,0.0321112648032027,0.0827391304347826,0.07706874880695416
non-contrastive,2000,20,0.000582842651665515,0.036076457973303125,0.12787878787878787,0.12209447415329767
non-contrastive,2000,20,0.0009643459013539039,0.03773164746477279,0.153416149068323,0.14548136645962734
non-contrastive,2000,20,0.000181462943513642,0.026590825583065338,0.07145454545454545,0.06645454545454545
non-contrastive,2000,20,0.0001740830566957829,0.02665164124047391,0.06961904761904764,0.06587520525451562
non-contrastive,2000,20,0.0006132107940889452,0.03498508552888441,0.12983333333333333,0.12473809523809523
non-contrastive,2000,20,0.00024247093403614295,0.029731742917262882,0.06699999999999999,0.06318181818181817
non-contrastive,2000,20,0.0004156648350699973,0.03934006574426689,0.0963888888888889,0.0898263888888889
non-contrastive,2000,20,0.00026444788401780445,0.030678747198840357,0.07858823529411765,0.075703081232493
non-contrastive,2000,20,0.00024471316307554284,0.028834274229800696,0.07769230769230769,0.07269230769230768
non-contrastive,2000,20,0.0002886435547403985,0.02798996609470305,0.09253170979198377,0.08890301780886141
non-contrastive,2000,20,0.0017335182095065238,0.04445615952698823,0.18777777777777777,0.18371527777777777
non-contrastive,2000,20,0.0003421306623109442,0.03343604882081582,0.09374999999999999,0.0876470588235294
non-contrastive,2000,20,0.0002014016739754624,0.02777620838440704,0.07415094339622641,0.0701509433962264
non-contrastive,2000,20,0.00040851925633978245,0.030547045123646303,0.11122126436781611,0.10638793103448278
non-contrastive,2000,20,0.0002053304049220315,0.02899559900138449,0.07250000000000001,0.06920000000000001
non-contrastive,2000,20,0.0003424139662572388,0.029160787054097588,0.08358974358974358,0.07891232423490487
non-contrastive,2000,20,0.0002317292895019593,0.029870691115776997,0.07845588235294117,0.07447414719312381
non-contrastive,2000,20,0.000552095073109394,0.03910865184878957,0.11944444444444445,0.11315412186379929
non-contrastive,2000,20,0.0002369275668818757,0.028194454289334685,0.07989952406134321,0.07694405847429868
non-contrastive,2000,20,0.0003643774147102707,0.03389201315243284,0.08951754385964912,0.08292179917879806
non-contrastive,2000,20,0.0001216891989093281,0.022052631009520162,0.05947995666305526,0.052576342205223926
non-contrastive,2000,20,0.0001725161595396433,0.025963190723062985,0.06821176470588236,0.06480267379679146
non-contrastive,2000,20,0.0002468655552967278,0.02954745368555875,0.08075757575757578,0.07393939393939396
non-contrastive,2000,20,0.00019164211609535838,0.02880863330305351,0.06734545454545454,0.061311872455902305
non-contrastive,2000,20,0.00028527747800624766,0.030625217318688246,0.08716037735849055,0.08216037735849055
non-contrastive,2000,20,0.00045808898821484643,0.033119083472401986,0.09135294117647058,0.08654233511586452
non-contrastive,2000,20,0.0003861682060167872,0.03217694121337657,0.09772836538461539,0.09220888486513487
non-contrastive,2000,20,0.0003730898614863383,0.032680688246476776,0.08772727272727272,0.08388111888111888
non-contrastive,2000,20,0.00040323245391846657,0.036364355942382506,0.09555555555555556,0.09079861111111112
non-contrastive,2000,20,0.0018602189227068292,0.04079216107495227,0.19833333333333336,0.19160224089635858
non-contrastive,2000,20,0.0003714009753402626,0.02929756126087086,0.099,0.0942
non-contrastive,2000,20,0.0004982281769550968,0.03676964539702259,0.10652777777777779,0.102843567251462
non-contrastive,2000,20,0.00029918209147441826,0.03266989579895927,0.08863157894736844,0.08148443180022129
non-contrastive,2000,20,0.00023315918929109453,0.027756940987221534,0.08358249158249159,0.07733249158249159
non-contrastive,2000,20,0.000215316624170834,0.028156991865658412,0.07745819397993312,0.07169939632597418
non-contrastive,2000,20,0.0016580592535778344,0.046540498064182756,0.201875,0.1952879213483146
non-contrastive,2000,20,0.0005945470034621748,0.035762643603923755,0.12921727395411606,0.1239088323956745
non-contrastive,2000,20,0.00038031854378409483,0.034369250683444236,0.09936507936507939,0.09391053391053394
non-contrastive,2000,20,0.00021218711292828797,0.03041500434524192,0.07372727272727272,0.06903977272727273
non-contrastive,2000,20,0.00026719179201552663,0.02731287348748531,0.0796818181818182,0.07728598484848487
non-contrastive,2000,20,0.00022087931986896874,0.027348122357725723,0.07191176470588236,0.06674509803921569
non-contrastive,2000,20,0.00014516912542039936,0.02607474330908269,0.06666666666666665,0.062984496124031
non-contrastive,5000,50,0.0004650552443500813,0.03134718564919299,0.13972027972027973,0.13559816646498077
non-contrastive,5000,50,0.00021452170877796727,0.02608808777726372,0.10090909090909089,0.09899604743083003
non-contrastive,5000,50,0.00047493016194769086,0.02973403147027926,0.12473684210526316,0.12340350877192982
non-contrastive,5000,50,0.00058123473076148,0.031150884278987916,0.15906666666666666,0.15512346836290591
non-contrastive,5000,50,0.00033883420984030387,0.029622679459321982,0.1040909090909091,0.09951398601398602
non-contrastive,5000,50,0.00037310411062365566,0.028008648711333562,0.122843137254902,0.1198198814409485
non-contrastive,5000,50,0.0004154607685742899,0.030241657376694184,0.14643356643356645,0.14304290304290307
non-contrastive,5000,50,0.00024030920766456116,0.027270038548536397,0.102,0.0978181818181818
non-contrastive,5000,50,0.0004900856115009193,0.03190583903861579,0.1452222222222222,0.14156609574000875
non-contrastive,5000,50,0.0005179593643741026,0.0318954496558101,0.1453846153846154,0.1417846153846154
non-contrastive,5000,50,0.0005961997014925967,0.030872385024976506,0.1699047619047619,0.16563701996927802
non-contrastive,5000,50,0.0004586508455555353,0.02980905245383507,0.12488888888888888,0.12189554077358955
non-contrastive,5000,50,0.0006958801487386232,0.03398203774977382,0.17137254901960786,0.16784313725490196
non-contrastive,5000,50,0.00023701000408257535,0.027108527396634715,0.08823529411764705,0.08529411764705881
non-contrastive,5000,50,0.0003757168232299435,0.02747998993661287,0.12693181818181817,0.12398310023310022
non-contrastive,5000,50,0.0006642789817713136,0.0313228045506839,0.17156363636363636,0.16906363636363636
non-contrastive,5000,50,0.00035627760010486245,0.02841400328751945,0.13636363636363635,0.1325564468211527
non-contrastive,5000,50,0.0005178295875062955,0.027800662053751212,0.15253246753246752,0.15025974025974026
non-contrastive,5000,50,0.0004988365548363374,0.029441520340321423,0.14645652173913043,0.14229258731290093
non-contrastive,5000,50,0.00036777297195594454,0.030686970172561688,0.11521212121212121,0.11285187276491623
non-contrastive,5000,50,0.00037721865396383395,0.02961136444232396,0.12458333333333332,0.12191666666666666
non-contrastive,5000,50,0.0005969477917685896,0.03072992721304077,0.15752380952380954,0.15454605955313733
non-contrastive,5000,50,0.0005791650144940829,0.033224710712997554,0.14515151515151514,0.14137980299270622
non-contrastive,5000,50,0.00019646658291433641,0.025525702064395344,0.09883333333333333,0.09522868217054263
non-contrastive,5000,50,0.0003454313965666507,0.029528418713534232,0.11629166666666665,0.1130563725490196
non-contrastive,5000,50,0.0006548186080624092,0.030726468426456516,0.16963768115942032,0.1646618357487923
non-contrastive,5000,50,0.0002761796308103982,0.029771117175837622,0.1157777777777778,0.11200837644740086
non-contrastive,5000,50,0.0007311097326104711,0.032820539141666674,0.17710526315789474,0.17429643962848299
non-contrastive,5000,50,0.00043760770522340025,0.03020734985214317,0.12266666666666667,0.11952380952380953
non-contrastive,5000,50,0.0001976479112265437,0.026297268029952844,0.0916923076923077,0.0896923076923077
non-contrastive,5000,50,0.0002894417341659759,0.028749915933335604,0.10871212121212122,0.10498006379585327
non-contrastive,5000,50,0.0003425042194010004,0.02756594508960404,0.12459330143540669,0.12025302365762891
non-contrastive,5000,50,0.0005237481134198763,0.029872391063480934,0.13166666666666668,0.12848299319727893
non-contrastive,5000,50,0.000145903338971132,0.0246266351838069,0.08285714285714287,0.08012987012987013
non-contrastive,5000,50,0.00040120786047967563,0.029907064252188052,0.12933333333333333,0.12534865676297421
non-contrastive,5000,50,0.00016428695560712675,0.024551117637179896,0.07657142857142858,0.07333333333333335
non-contrastive,5000,50,0.00031119526467106453,0.028928397918313392,0.11162962962962963,0.10886007360425966
non-contrastive,5000,50,0.0003498009746757959,0.029515795469478388,0.11674825174825175,0.11363136863136863
non-contrastive,5000,50,0.0003132263042130912,0.029999310208412986,0.11704545454545454,0.11454545454545453
non-contrastive,5000,50,0.0001592855212647969,0.025302034517322863,0.07625874125874126,0.07221807313964176
non-contrastive,5000,50,0.0003571197584664125,0.031440998875781515,0.1159090909090909,0.1139090909090909
non-contrastive,5000,50,0.0005533184765008416,0.02954618706445768,0.16075757575757577,0.1577145893322364
non-contrastive,5000,50,0.0004142123369087658,0.028951655695967214,0.14218750000000002,0.14004464285714288
non-contrastive,5000,50,0.0002310672420721246,0.02699705352241864,0.09819078947368422,0.09329605263157895
non-contrastive,5000,50,0.0006117117058891829,0.0310059134896579,0.16676190476190478,0.16375536881419236
non-contrastive,5000,50,0.0002894097393416744,0.02958233508687668,0.10931818181818184,0.1059848484848485
non-contrastive,5000,50,0.0002719903214784487,0.02708805631564704,0.11452380952380954,0.10971194611574535
non-contrastive,5000,50,0.000516075147122087,0.03310373924897218,0.12133333333333331,0.11776190476190473
non-contrastive,5000,50,0.00033937503790235253,0.030286008257932436,0.11645454545454542,0.11245454545454542
non-contrastive,5000,50,0.0005619319728577579,0.029939156479217806,0.1476,0.14408936170212766
non-contrastive,10000,100,0.0003650739385581786,0.03055284112834221,0.12,0.1182051282051282
non-contrastive,10000,100,0.000404775800354776,0.032450710367912534,0.14166666666666666,0.13954545454545456
non-contrastive,10000,100,0.0003790581834905377,0.03000397428771554,0.13106060606060604,0.12875523946952516
non-contrastive,10000,100,0.00040573405028194244,0.033121872714316526,0.12763888888888889,0.12588888888888888
non-contrastive,10000,100,0.0003475255961835402,0.0299076169518134,0.12144444444444445,0.11881944444444445
non-contrastive,10000,100,0.0002876628485328931,0.030176717785390973,0.10218181818181818,0.09976515151515152
non-contrastive,10000,100,0.0003451662501021171,0.03040340660978295,0.1231111111111111,0.12078968253968253
non-contrastive,10000,100,0.0002950752289358354,0.02956018710877784,0.11,0.11
non-contrastive,10000,100,0.0002865216714027349,0.029229904114854387,0.09833333333333331,0.09619047619047617
non-contrastive,10000,100,0.00026257100567767184,0.029426113999099765,0.10166666666666667,0.09944444444444445
non-contrastive,10000,100,0.0003620723730787509,0.030539457405381866,0.12755639097744362,0.12600083542188806
non-contrastive,10000,100,0.00025752226536933143,0.028748609931929646,0.1194017094017094,0.11773934936725634
non-contrastive,10000,100,0.0003977784005327525,0.031354986997751105,0.12909090909090906,0.1273131313131313
non-contrastive,10000,100,0.00038800863189083573,0.031172848326281567,0.13930232558139535,0.13651375415282394
non-contrastive,10000,100,0.00031378370211999635,0.03024472645613156,0.12287500000000001,0.12031089743589744
non-contrastive,10000,100,0.00042657990895683895,0.031265673764450025,0.13206349206349208,0.12984126984126987
non-contrastive,10000,100,0.00046346030418495523,0.03196269209672908,0.1466666666666667,0.14435897435897438
non-contrastive,10000,100,0.0003566266228919784,0.030618539197852547,0.13666666666666666,0.1344512206706564
non-contrastive,10000,100,0.0003017635528723896,0.02930579002587408,0.10666666666666666,0.10467071935157041
non-contrastive,10000,100,0.0003586612014366288,0.029674027202450343,0.12502923976608188,0.12258479532163744
non-contrastive,10000,100,0.00034723657990712954,0.03108765170233058,0.12300000000000001,0.12161538461538463
non-contrastive,10000,100,0.0003001302976997623,0.02789892076163102,0.12111111111111111,0.11949926900584795
non-contrastive,10000,100,0.0002590060435359371,0.028659326540626025,0.12331550802139037,0.12071550802139036
non-contrastive,10000,100,0.00029403974546252017,0.029826103021729524,0.10855555555555554,0.10608496732026143
non-contrastive,10000,100,0.0004876399116961501,0.031091204005764893,0.14444444444444446,0.14222222222222222
non-contrastive,10000,100,0.0003099395315319793,0.030176744517206113,0.1042857142857143,0.10136632430750078
non-contrastive,10000,100,0.0003613507097116112,0.03113062094307514,0.1370909090909091,0.13501298701298703
non-contrastive,10000,100,0.000255474790184844,0.029075674341516568,0.10695945945945946,0.10530634292829416
non-contrastive,10000,100,0.00028920626832096947,0.02796337362059238,0.09911363636363636,0.09681105445211591
non-contrastive,10000,100,0.00037639846367395113,0.0318053778188449,0.12300000000000001,0.12250000000000001
non-contrastive,10000,100,0.0005663213730582101,0.03370224554336065,0.13314516129032258,0.13058418568056648
non-contrastive,10000,100,0.00025411808818104445,0.028702011371072738,0.10131818181818181,0.09789937839937839
non-contrastive,10000,100,0.0004263058866635349,0.032375413786767275,0.13533333333333333,0.13322222222222221
non-contrastive,10000,100,0.00043536828602784014,0.03189845346012506,0.12997474747474747,0.12753823953823953
non-contrastive,10000,100,0.00032458586894897236,0.03108890518581314,0.11033333333333334,0.10814035087719298
non-contrastive,10000,100,0.0003428068343672595,0.02959607206448363,0.1411111111111111,0.1391111111111111
non-contrastive,10000,100,0.00039393663100490984,0.0301620205654791,0.13208333333333333,0.1302651515151515
non-contrastive,10000,100,0.00046129456454410656,0.031766361254387344,0.14137037037037037,0.13922751322751323
non-contrastive,10000,100,0.0002628596055240361,0.029733308271631755,0.09691176470588235,0.09691176470588235
non-contrastive,10000,100,0.00036955151151561543,0.02995801373719022,0.1465811965811966,0.14481196581196581
non-contrastive,10000,100,0.00025172252065951416,0.02825512459963854,0.10825,0.10708333333333334
non-contrastive,10000,100,0.0003308916575378171,0.02950419806692062,0.11175757575757576,0.10894011544011545
non-contrastive,10000,100,0.00030437548726961275,0.02929860075039864,0.11835403726708074,0.11535403726708074
non-contrastive,10000,100,0.0005009631908960357,0.03243472476504267,0.14692307692307693,0.14506425339366516
non-contrastive,10000,100,0.00029105664376970956,0.02929660531803195,0.1125,0.10966751556310131
non-contrastive,10000,100,0.0003386075312955297,0.030369595306627303,0.12010101010101008,0.11763390483785219
non-contrastive,10000,100,0.0002824712130364204,0.030002250413209808,0.1123076923076923,0.11039860139860139
non-contrastive,10000,100,0.0003062355075602648,0.029207257298042494,0.11794642857142858,0.11514036139916423
non-contrastive,10000,100,0.0003702001843658469,0.030463397086124142,0.12416666666666668,0.12227918935269208
non-contrastive,10000,100,0.0004377150369176214,0.03243442534866454,0.11797979797979799,0.11686868686868687
non-contrastive,21187,200,0.0004312467003465427,0.033969504175926785,0.14243055555555556,0.14193055555555556
non-contrastive,21187,200,0.0003960933283403942,0.03344089624929253,0.1353014553014553,0.13317325017325016
non-contrastive,21187,200,0.0004911798263811865,0.03296370003590873,0.15722222222222224,0.15517543859649124
non-contrastive,21187,200,0.00038511055342104757,0.033147084886534964,0.14755555555555555,0.14609090909090908
non-contrastive,21187,200,0.0006214944572161158,0.034935927052757054,0.20999999999999996,0.20838051904280414
non-contrastive,21187,200,0.0005245207164566109,0.034689371321043494,0.18333333333333332,0.18333333333333332
non-contrastive,21187,200,0.00048089176312918116,0.033842139794105774,0.17030797101449274,0.16830797101449274
non-contrastive,21187,200,0.0004871499868459787,0.03481739058695895,0.16153846153846155,0.16042735042735043
non-contrastive,21187,200,0.0006785653636147671,0.034212577159707394,0.228,0.2276732026143791
non-contrastive,21187,200,0.0007474371600680993,0.03578767878702312,0.22818181818181815,0.22818181818181815
non-contrastive,21187,200,0.0004329606470788604,0.03312958216481357,0.1317777777777778,0.1307777777777778
non-contrastive,21187,200,0.00046101757948832775,0.03436422553732485,0.1466666666666667,0.1466666666666667
non-contrastive,21187,200,0.0006195635005451567,0.03586547764842166,0.16766233766233765,0.16741233766233765
non-contrastive,21187,200,0.0006178805631325469,0.03553879764514478,0.18416666666666665,0.18305555555555553
non-contrastive,21187,200,0.00035737232593604997,0.032451600721805,0.14126213592233008,0.1395379979912956
non-contrastive,21187,200,0.0004660218229604436,0.03234027868471715,0.19090909090909086,0.18914141414141408
non-contrastive,21187,200,0.0004325362358503653,0.032688868896633305,0.14166666666666666,0.13999999999999999
non-contrastive,21187,200,0.00033780694867405106,0.030562084767856202,0.1511111111111111,0.14944444444444444
non-contrastive,21187,200,0.00035759992339829555,0.033585781316991366,0.12583333333333335,0.12394444444444447
non-contrastive,21187,200,0.00044790916976327204,0.03337948039095398,0.1486470588235294,0.14798039215686273
non-contrastive,21187,200,0.000437461020149652,0.03310227352123086,0.15412121212121208,0.1536363636363636
non-contrastive,21187,200,0.0004398748611277304,0.033041163042489725,0.165,0.165
non-contrastive,21187,200,0.00039526087612479834,0.031678797914263035,0.1657142857142857,0.1657142857142857
non-contrastive,21187,200,0.00044999848203537327,0.0333053490537713,0.17250000000000001,0.17027777777777778
non-contrastive,21187,200,0.0004836578035606552,0.03541931427644826,0.14,0.13951515151515154
non-contrastive,21187,200,0.00034518658444957395,0.0320954072904666,0.13204545454545455,0.13015356265356265
non-contrastive,21187,200,0.00035533728251674367,0.031495869488580464,0.12196078431372548,0.11996078431372548
non-contrastive,21187,200,0.00045706924672366114,0.033380328053023114,0.15466666666666667,0.15466666666666667
non-contrastive,21187,200,0.0005347320343744759,0.03513764033117384,0.15933333333333333,0.15833333333333333
non-contrastive,21187,200,0.0004946360015803058,0.03439607722792046,0.15727272727272726,0.15536796536796535
non-contrastive,21187,200,0.0004074168445282138,0.031639718792079836,0.16111111111111115,0.15963285024154594
non-contrastive,21187,200,0.0005034810486605864,0.032581883020558,0.21006410256410257,0.2087004662004662
non-contrastive,21187,200,0.0004368852417763109,0.032632368455558614,0.16136363636363638,0.16072871572871575
non-contrastive,21187,200,0.0005010820770220774,0.034344429909507354,0.15333333333333332,0.15209770114942528
non-contrastive,21187,200,0.0003745255010879731,0.032911617974353234,0.13510620220900596,0.13343953554233928
non-contrastive,21187,200,0.0004111523403480354,0.03346918665303158,0.13909090909090907,0.1388051948051948
non-contrastive,21187,200,0.0006811733712551223,0.03396586258487973,0.2608333333333333,0.2593333333333333
non-contrastive,21187,200,0.0005362041693333453,0.03422303447254791,0.15857142857142856,0.15690476190476188
non-contrastive,21187,200,0.0005748441621544326,0.034077960633203085,0.19799999999999995,0.19799999999999995
non-contrastive,21187,200,0.0005614569133055157,0.033412238126190034,0.17555555555555558,0.17529411764705885
non-contrastive,21187,200,0.00045497017538211385,0.033403218644295456,0.15999999999999998,0.15782915254237287
non-contrastive,21187,200,0.0005313559921584762,0.03474530089976143,0.17046153846153844,0.16979487179487177
non-contrastive,21187,200,0.000513892056015923,0.03351595780905805,0.18199999999999997,0.18088888888888885
non-contrastive,21187,200,0.00039170891281717596,0.033069539058517325,0.1542857142857143,0.15261904761904763
non-contrastive,21187,200,0.0005572350844240773,0.0355098605200066,0.16269230769230772,0.16169230769230772
non-contrastive,21187,200,0.0004062070152694405,0.03308296922357538,0.15133333333333335,0.15024242424242426
non-contrastive,21187,200,0.0004939719726008584,0.03479075465041532,0.1488888888888889,0.14773333333333336
non-contrastive,21187,200,0.00047751840264881936,0.034102926937502685,0.16555555555555557,0.16363247863247865
non-contrastive,21187,200,0.0004249532029948443,0.03246976712758664,0.1514285714285714,0.1505194805194805
non-contrastive,21187,200,0.0004916777462178845,0.034452969645569924,0.14621818181818183,0.1446727272727273
